Nome,Preço
iPhone XS Apple 512GB iOS 12 4G + Wi-Fi Câmera 12MP,"R$5.374,00"
"Smartphone, Apple, iPhone 7 MN912BR/A, 32 GB, 4.7'', Rosa/Dourado","R$2.590,34"
Xiaomi Redmi Note 9 128GB 4GB RAM - Versão Global - Midnight Grey,"R$1.699,00"
iPhone Xs Max Apple 256GB Tela Super Retina 6.5'' iOS CÃ¢mera 12MP Cinza Espacial MT532BZ/A,"R$5.890,00"
"iPhone 8 Apple Dourado com Tela de 4,7"", 4G, 64 GB e Câmera de 12 MP","R$4.499,90"
iPhone Xs Max Apple 64GB Tela Super Retina 6.5'' iOS CÃ¢mera 12MP Cinza Espacial MT502BZ/A,"R$5.359,00"
iPhone 8 64GB Cinza Espacial,"R$4.599,90"
"Celular Apple iPhone XS Max 64GB 4G iOS 13 Tela 6,5 - Câm. 12MP - Prateado","R$5.359,00"
iPhone XS 64GB Dourado (Dourado),"R$4.599,00"
Redmi Note 9S Aurora Blue 6GB RAM 128GB,"R$1.896,81"
"Capa Impact Pro, GEONAV, iPhone 7, iPhone 8, Capa Anti-Impacto, Branco/Transparente, 70 x 140 x 10 mm","R$69,90"
"Iphone 8 Plus Apple Cinza Espacial, 128gb Desbloqueado - Mx242br/a","R$4.999,90"
Celular Apple iPhone 11 128gb / Tela 6.1'' / 12MP / iOS 13,"R$6.199,90"
Iphone Xs 64Gb Prata (Prata),"R$5.547,81"
"Iphone 11 Apple Preto, 128gb Desbloqueado - Mwm02bz/a","R$5.999,90"
Smartphone Xiaomi Redmi Note 8 64gb Moonlight (Branco),"R$1.475,11"
iPhone 11 Pro Max 64 GB Tela 6.5 Polegadas,"R$7.899,00"
Redmi Note 9S 128gb 6gb RAM - Interstellar grey,"R$1.870,00"
iPhone Xs Max 64GB Apple iOS 12 4G + Wi-Fi Câmera 12MP,"R$5.359,00"
Celular Apple iPhone 11 Pro 64gb / Tela 5.8'' / 12MP / iOS 13,"R$8.725,99"
"Capa Protetora, Shield Preta com Pelicula, Iphone 7/8 Plus, Laut, Capa Protetora para Celular, Preta","R$99,00"
"Novo Apple iPhone 12 (64 GB, Azul)","R$6.999,99"
"iPhone SE 64GB Black Novo Desbloqueado Tela 4,7"" Apple","R$3.999,90"
iPhone 7 32GB Preto Matte 4G Tela 4.7  Retina - Cam. 12MP + Selfie 7MP iOS 11 - Apple,"R$2.499,90"
"Iphone Se Apple Preto, 128gb Desbloqueado - Mxd02bz/a","R$4.219,00"
"Cabo Lightning Certificado Apple MFi, Anker Powerline II, 1.8 metros, 12x mais resistente, Preto","R$89,90"
Capa Capinha iPhone 12 Pro Max (6.7) Esr Cloud Case Silicone (Preto),"R$119,99"
Capa Case Compatível Apple iPhone 11 (6.1 Pol.) Silicone (Aveludado) (Microfibra) Box Lacrada (Midnight Blue),"R$39,90"
"Smartphone LG K8 Plus Platinum 16GB 1.5 GHz de RAM Tela 5"" Dual Chip Câmera Traseira de 8MP","R$649,00"
"Novo Apple iPhone 12 Mini (64 GB, Preto)","R$6.899,99"
"Iphone Xr Apple 64Gb Product Red 4G 6,1 Retina, Cã¢Mera 12Mp + Selfie 7Mp Ios 12 A12 Bionic Chip","R$4.815,53"
"Novo Apple iPhone 12 (128 GB, Vermelho)","R$7.889,99"
"Carregador de Tomada 1 USB-C PD + 1 USB, Anker PowerPort PD 2, 33W de potência, Carregamento Rápido, Branco","R$169,00"
"Cabo Lightning Certificado Apple MFi, Anker Powerline+, 3 metros, 6x mais resistente, Vermelho","R$129,90"
